model,R2,RMSE,MAE,MAPE,VAF,a20
Ridge,0.1371,0.1705,0.1302,59.8554,17.8773,0.2545
MVR,0.0993,0.1742,0.1365,62.4701,10.8522,0.2636
XGB,0.0911,0.175,0.1404,77.9315,9.5864,0.2455
ET,0.0397,0.1799,0.145,76.3878,4.7687,0.1818
CatB,0.0174,0.182,0.14,72.7394,2.2807,0.2545
RF,-0.0086,0.1843,0.1402,76.5151,4.8511,0.2545
LGBM,-0.193,0.2005,0.1573,86.6854,-16.4778,0.2182
Mean,-0.2045,0.2015,0.1669,84.0974,-20.3592,0.1545
GPR,-0.4208,0.2188,0.1739,75.759,-41.2216,0.1545
SVR,-0.549,0.2285,0.1647,70.2053,-54.8968,0.2182
ANN,-1.508,0.2907,0.2079,74.7376,-149.4309,0.1364
