,R2,R2,RMSE,RMSE,MAE,MAE,MAPE,MAPE,VAF,VAF,a20,a20
,mean,std,mean,std,mean,std,mean,std,mean,std,mean,std
model,,,,,,,,,,,,
ET,0.7469,0.1366,0.0857,0.0301,0.0585,0.0176,26.7098,19.0961,76.7633,11.5675,0.6238,0.0984
RF,0.7395,0.1321,0.0873,0.0292,0.0603,0.017,26.0705,14.3293,76.0885,11.41,0.61,0.086
GPR,0.713,0.2274,0.0882,0.0305,0.0586,0.0196,24.7812,16.6559,73.5235,20.0911,0.6796,0.1198
CatB,0.721,0.1436,0.0908,0.0328,0.0606,0.0196,26.4239,16.6066,74.1893,12.8348,0.5933,0.1019
LGBM,0.6944,0.2125,0.0931,0.0344,0.0629,0.0209,26.6538,15.2322,72.3918,17.4825,0.6083,0.1159
XGB,0.6783,0.2068,0.0954,0.0336,0.0641,0.0206,26.5222,14.5547,70.6335,16.6095,0.5963,0.1123
ANN,0.5382,0.3381,0.1117,0.035,0.0744,0.0187,27.5517,10.3885,57.1118,30.7929,0.548,0.0905
SVR,0.5436,0.3458,0.1125,0.0391,0.0741,0.0225,28.1212,13.7029,57.9888,31.2392,0.5561,0.116
Ridge,0.5458,0.2138,0.1151,0.0364,0.0826,0.0233,39.287,21.0514,58.4787,18.1164,0.4672,0.1099
MVR,0.5393,0.2291,0.1154,0.0347,0.0857,0.0217,31.7271,8.5045,57.2154,21.707,0.4029,0.0982
Mean,-0.1244,0.2688,0.1834,0.036,0.151,0.0241,75.9158,30.7301,0.0,0.0,0.1583,0.0872
