,,R2,R2,RMSE,RMSE,MAE,MAE,MAPE,MAPE
,,mean,std,mean,std,mean,std,mean,std
ablation,model,,,,,,,,
all_7_features,MVR,0.5263,0.2466,0.1154,0.0356,0.0855,0.021,31.3553,6.4053
all_7_features,RF,0.7382,0.1643,0.0856,0.0308,0.0589,0.0169,24.042,10.7735
all_7_features,SVR,0.5798,0.2941,0.1068,0.0404,0.0714,0.0242,26.7989,11.7607
all_7_features,XGB,0.7281,0.156,0.0885,0.0312,0.0587,0.0159,23.8615,10.4636
geometry+Pf,MVR,0.1954,0.24,0.1554,0.0402,0.117,0.0279,53.1032,25.576
geometry+Pf,RF,0.4701,0.2692,0.1224,0.0304,0.0883,0.0226,47.0393,27.799
geometry+Pf,SVR,0.3121,0.2163,0.1431,0.0317,0.1011,0.0221,44.2986,26.691
geometry+Pf,XGB,0.4965,0.2013,0.1206,0.0287,0.0881,0.0217,41.7351,26.2186
geometry_only,MVR,0.0615,0.452,0.1584,0.0407,0.1182,0.0279,54.7003,28.6693
geometry_only,RF,0.3796,0.6702,0.1149,0.0275,0.0825,0.0189,46.4206,30.6959
geometry_only,SVR,0.1764,0.372,0.1496,0.0404,0.1073,0.0261,48.7029,30.5137
geometry_only,XGB,0.4772,0.2728,0.1156,0.0231,0.0842,0.017,42.1282,25.5222
no_B_D,MVR,0.5323,0.238,0.1151,0.0376,0.0843,0.0227,30.3035,5.5273
no_B_D,RF,0.7462,0.1437,0.0848,0.0306,0.0585,0.0163,23.8331,10.5663
no_B_D,SVR,0.6004,0.2669,0.1049,0.0404,0.0691,0.0233,26.0803,11.9913
no_B_D,XGB,0.7165,0.2131,0.089,0.0324,0.0587,0.0169,23.5812,10.4416
no_E_(site_proxy),MVR,0.5241,0.2213,0.1161,0.035,0.0879,0.0222,31.6935,5.478
no_E_(site_proxy),RF,0.6083,0.1904,0.1045,0.0307,0.0726,0.0203,35.679,15.1558
no_E_(site_proxy),SVR,0.5462,0.2822,0.1122,0.0378,0.0802,0.027,32.1358,14.3321
no_E_(site_proxy),XGB,0.5819,0.246,0.1077,0.0331,0.0729,0.0213,30.6787,12.3734
