blast_id,site,mine,country,rock_type,E_group,paper_split,S_B,H_B,B_D,T_B,Pf,XB,E,X50,source
En1,Enusa,Enusa Mine,Spain,"Uranium ore (schistose, folded)",G1_high_E,train,1.24,1.33,27.27,0.78,0.48,0.58,60.0,0.37,Hudaverdi_et_al_2011_IJNAMG / Kulatilake_et_al_2010
En2,Enusa,Enusa Mine,Spain,"Uranium ore (schistose, folded)",G1_high_E,train,1.24,1.33,27.27,0.78,0.48,0.58,60.0,0.37,Hudaverdi_et_al_2011_IJNAMG / Kulatilake_et_al_2010
En3,Enusa,Enusa Mine,Spain,"Uranium ore (schistose, folded)",G1_high_E,train,1.24,1.33,27.27,0.78,0.48,1.08,60.0,0.33,Hudaverdi_et_al_2011_IJNAMG / Kulatilake_et_al_2010
En4,Enusa,Enusa Mine,Spain,"Uranium ore (schistose, folded)",G1_high_E,train,1.24,1.33,27.27,0.78,0.48,1.11,60.0,0.42,Hudaverdi_et_al_2011_IJNAMG / Kulatilake_et_al_2010
En5,Enusa,Enusa Mine,Spain,"Uranium ore (schistose, folded)",G1_high_E,train,1.24,1.33,27.27,0.78,0.48,1.08,60.0,0.46,Hudaverdi_et_al_2011_IJNAMG / Kulatilake_et_al_2010
En6,Enusa,Enusa Mine,Spain,"Uranium ore (schistose, folded)",G1_high_E,train,1.24,1.33,27.27,1.17,0.27,1.08,60.0,0.37,Hudaverdi_et_al_2011_IJNAMG / Kulatilake_et_al_2010
En7,Enusa,Enusa Mine,Spain,"Uranium ore (schistose, folded)",G1_high_E,train,1.24,1.33,27.27,1.06,0.33,1.08,60.0,0.64,Hudaverdi_et_al_2011_IJNAMG / Kulatilake_et_al_2010
En8,Enusa,Enusa Mine,Spain,"Uranium ore (schistose, folded)",G1_high_E,train,1.24,1.33,27.27,0.91,0.41,1.11,60.0,0.42,Hudaverdi_et_al_2011_IJNAMG / Kulatilake_et_al_2010
En9,Enusa,Enusa Mine,Spain,"Uranium ore (schistose, folded)",G1_high_E,train,1.24,1.33,27.27,0.91,0.41,1.11,60.0,0.26,Hudaverdi_et_al_2011_IJNAMG / Kulatilake_et_al_2010
En10,Enusa,Enusa Mine,Spain,"Uranium ore (schistose, folded)",G1_high_E,train,1.24,1.33,27.27,0.99,0.36,1.08,60.0,0.42,Hudaverdi_et_al_2011_IJNAMG / Kulatilake_et_al_2010
En11,Enusa,Enusa Mine,Spain,"Uranium ore (schistose, folded)",G1_high_E,train,1.24,1.33,27.27,1.06,0.33,1.11,60.0,0.31,Hudaverdi_et_al_2011_IJNAMG / Kulatilake_et_al_2010
En12,Enusa,Enusa Mine,Spain,"Uranium ore (schistose, folded)",G1_high_E,train,1.24,1.33,27.27,1.06,0.33,1.11,60.0,0.38,Hudaverdi_et_al_2011_IJNAMG / Kulatilake_et_al_2010
Rc1,Reocin,Reocin Mine,Spain,Zinc ore,G1_high_E,train,1.17,1.5,26.2,1.08,0.33,0.68,45.0,0.46,Hudaverdi_et_al_2011_IJNAMG / Kulatilake_et_al_2010
Rc2,Reocin,Reocin Mine,Spain,Zinc ore,G1_high_E,train,1.17,1.5,26.2,1.12,0.3,0.68,45.0,0.48,Hudaverdi_et_al_2011_IJNAMG / Kulatilake_et_al_2010
Rc3,Reocin,Reocin Mine,Spain,Zinc ore,G1_high_E,train,1.17,1.58,26.2,1.22,0.28,0.68,45.0,0.48,Hudaverdi_et_al_2011_IJNAMG / Kulatilake_et_al_2010
Rc4,Reocin,Reocin Mine,Spain,Zinc ore,G1_high_E,train,1.17,1.96,26.2,1.3,0.34,1.56,45.0,0.75,Hudaverdi_et_al_2011_IJNAMG / Kulatilake_et_al_2010
Rc5,Reocin,Reocin Mine,Spain,Zinc ore,G1_high_E,train,1.17,1.75,26.2,1.31,0.29,1.56,45.0,0.96,Hudaverdi_et_al_2011_IJNAMG / Kulatilake_et_al_2010
Rc6,Reocin,Reocin Mine,Spain,Zinc ore,G1_high_E,train,1.17,1.75,26.2,1.16,0.36,1.56,45.0,0.76,Hudaverdi_et_al_2011_IJNAMG / Kulatilake_et_al_2010
Rc7,Reocin,Reocin Mine,Spain,Zinc ore,G1_high_E,train,1.17,1.67,26.2,1.22,0.31,1.8,45.0,0.53,Hudaverdi_et_al_2011_IJNAMG / Kulatilake_et_al_2010
Rc8,Reocin,Reocin Mine,Spain,Zinc ore,G1_high_E,train,1.17,1.83,26.2,1.34,0.3,1.8,45.0,0.56,Hudaverdi_et_al_2011_IJNAMG / Kulatilake_et_al_2010
Rc9,Reocin,Reocin Mine,Spain,Zinc ore,G1_high_E,train,1.17,1.83,26.2,1.29,0.32,1.8,45.0,0.74,Hudaverdi_et_al_2011_IJNAMG / Kulatilake_et_al_2010
Rc10,Reocin,Reocin Mine,Spain,Zinc ore,G1_high_E,train,1.17,1.83,26.2,1.23,0.35,1.8,45.0,0.44,Hudaverdi_et_al_2011_IJNAMG / Kulatilake_et_al_2010
Mg1,Murgul,Murgul Copper Mine,Turkey,Dacite / altered dacite (copper),G1_high_E,train,1.0,2.67,27.27,0.89,0.75,0.83,50.0,0.23,Hudaverdi_et_al_2011_IJNAMG / Kulatilake_et_al_2010
Mg2,Murgul,Murgul Copper Mine,Turkey,Dacite / altered dacite (copper),G1_high_E,train,1.0,2.67,27.27,0.89,0.75,0.78,50.0,0.25,Hudaverdi_et_al_2011_IJNAMG / Kulatilake_et_al_2010
Mg3,Murgul,Murgul Copper Mine,Turkey,Dacite / altered dacite (copper),G1_high_E,train,1.0,2.4,30.3,0.8,0.61,1.02,50.0,0.27,Hudaverdi_et_al_2011_IJNAMG / Kulatilake_et_al_2010
Mg4,Murgul,Murgul Copper Mine,Turkey,Dacite / altered dacite (copper),G1_high_E,train,1.0,2.4,30.3,0.8,0.61,0.75,50.0,0.3,Hudaverdi_et_al_2011_IJNAMG / Kulatilake_et_al_2010
Mg5,Murgul,Murgul Copper Mine,Turkey,Dacite / altered dacite (copper),G1_high_E,train,1.1,2.4,30.3,0.8,0.55,1.18,50.0,0.38,Hudaverdi_et_al_2011_IJNAMG / Kulatilake_et_al_2010
Mg6,Murgul,Murgul Copper Mine,Turkey,Dacite / altered dacite (copper),G1_high_E,train,1.1,2.4,30.3,0.8,0.55,1.24,50.0,0.37,Hudaverdi_et_al_2011_IJNAMG / Kulatilake_et_al_2010
Mg7,Murgul,Murgul Copper Mine,Turkey,Dacite / altered dacite (copper),G1_high_E,train,1.1,2.4,30.3,0.8,0.55,1.33,50.0,0.38,Hudaverdi_et_al_2011_IJNAMG / Kulatilake_et_al_2010
Ru1,Reocin-UG,Reocin Mine (Underground),Spain,Zinc ore,G1_high_E,train,1.13,5.0,39.47,1.93,0.31,2.0,45.0,0.64,Hudaverdi_et_al_2011_IJNAMG / Kulatilake_et_al_2010
Ru2,Reocin-UG,Reocin Mine (Underground),Spain,Zinc ore,G1_high_E,train,1.2,6.0,32.89,3.67,0.3,2.0,45.0,0.54,Hudaverdi_et_al_2011_IJNAMG / Kulatilake_et_al_2010
Ru3,Reocin-UG,Reocin Mine (Underground),Spain,Zinc ore,G1_high_E,train,1.2,6.0,32.89,3.7,0.3,2.0,45.0,0.51,Hudaverdi_et_al_2011_IJNAMG / Kulatilake_et_al_2010
Ru4,Reocin-UG,Reocin Mine (Underground),Spain,Zinc ore,G1_high_E,train,1.2,6.0,32.89,4.67,0.22,2.0,45.0,0.64,Hudaverdi_et_al_2011_IJNAMG / Kulatilake_et_al_2010
Ru5,Reocin-UG,Reocin Mine (Underground),Spain,Zinc ore,G1_high_E,train,1.2,6.0,32.89,3.11,0.35,2.0,45.0,0.54,Hudaverdi_et_al_2011_IJNAMG / Kulatilake_et_al_2010
Ru6,Reocin-UG,Reocin Mine (Underground),Spain,Zinc ore,G1_high_E,train,1.2,6.0,32.89,3.22,0.34,2.0,45.0,0.69,Hudaverdi_et_al_2011_IJNAMG / Kulatilake_et_al_2010
Mr1,Mrica,Mrica Quarry,Indonesia,Andesite,G2_low_E,train,1.2,6.0,32.89,0.8,0.49,1.67,32.0,0.17,Hudaverdi_et_al_2011_IJNAMG / Kulatilake_et_al_2010
Mr2,Mrica,Mrica Quarry,Indonesia,Andesite,G2_low_E,train,1.2,6.0,32.89,0.8,0.51,1.67,32.0,0.17,Hudaverdi_et_al_2011_IJNAMG / Kulatilake_et_al_2010
Mr3,Mrica,Mrica Quarry,Indonesia,Andesite,G2_low_E,train,1.2,6.0,32.89,0.8,0.49,1.67,32.0,0.13,Hudaverdi_et_al_2011_IJNAMG / Kulatilake_et_al_2010
Mr4,Mrica,Mrica Quarry,Indonesia,Andesite,G2_low_E,train,1.2,6.0,32.89,0.8,0.52,1.67,32.0,0.17,Hudaverdi_et_al_2011_IJNAMG / Kulatilake_et_al_2010
Mr5,Mrica,Mrica Quarry,Indonesia,Andesite,G2_low_E,train,1.2,6.0,32.89,0.8,0.42,1.67,32.0,0.13,Hudaverdi_et_al_2011_IJNAMG / Kulatilake_et_al_2010
Mr6,Mrica,Mrica Quarry,Indonesia,Andesite,G2_low_E,train,1.4,6.0,32.89,0.8,0.36,1.67,32.0,0.15,Hudaverdi_et_al_2011_IJNAMG / Kulatilake_et_al_2010
Mr7,Mrica,Mrica Quarry,Indonesia,Andesite,G2_low_E,train,1.2,6.0,32.89,0.6,0.56,1.03,32.0,0.18,Hudaverdi_et_al_2011_IJNAMG / Kulatilake_et_al_2010
Mr8,Mrica,Mrica Quarry,Indonesia,Andesite,G2_low_E,train,1.4,6.0,32.89,0.6,0.3,1.03,32.0,0.19,Hudaverdi_et_al_2011_IJNAMG / Kulatilake_et_al_2010
Mr9,Mrica,Mrica Quarry,Indonesia,Andesite,G2_low_E,train,1.4,6.0,32.89,0.6,0.35,1.03,32.0,0.16,Hudaverdi_et_al_2011_IJNAMG / Kulatilake_et_al_2010
Mr10,Mrica,Mrica Quarry,Indonesia,Andesite,G2_low_E,train,1.16,5.0,39.47,0.5,0.39,1.03,32.0,0.17,Hudaverdi_et_al_2011_IJNAMG / Kulatilake_et_al_2010
Mr11,Mrica,Mrica Quarry,Indonesia,Andesite,G2_low_E,train,1.16,5.0,39.47,0.5,0.32,1.03,32.0,0.21,Hudaverdi_et_al_2011_IJNAMG / Kulatilake_et_al_2010
Db1,Dongri-Buzurg,Dongri-Buzurg Mine,India,Manganese ore (micaceous/muscovite schist),G2_low_E,train,1.25,3.5,20.0,1.75,0.73,1.0,9.57,0.44,Hudaverdi_et_al_2011_IJNAMG / Kulatilake_et_al_2010
Db2,Dongri-Buzurg,Dongri-Buzurg Mine,India,Manganese ore (micaceous/muscovite schist),G2_low_E,train,1.25,5.1,20.0,1.75,0.7,1.0,9.57,0.76,Hudaverdi_et_al_2011_IJNAMG / Kulatilake_et_al_2010
Db3,Dongri-Buzurg,Dongri-Buzurg Mine,India,Manganese ore (micaceous/muscovite schist),G2_low_E,train,1.38,3.0,20.0,1.75,0.62,1.0,9.57,0.35,Hudaverdi_et_al_2011_IJNAMG / Kulatilake_et_al_2010
Db4,Dongri-Buzurg,Dongri-Buzurg Mine,India,Manganese ore (micaceous/muscovite schist),G2_low_E,train,1.5,5.5,20.0,1.75,0.56,1.0,9.57,0.55,Hudaverdi_et_al_2011_IJNAMG / Kulatilake_et_al_2010
Db5,Dongri-Buzurg,Dongri-Buzurg Mine,India,Manganese ore (micaceous/muscovite schist),G2_low_E,train,1.75,4.75,20.0,1.75,0.39,1.0,9.57,0.35,Hudaverdi_et_al_2011_IJNAMG / Kulatilake_et_al_2010
Db6,Dongri-Buzurg,Dongri-Buzurg Mine,India,Manganese ore (micaceous/muscovite schist),G2_low_E,train,1.25,4.75,20.0,1.75,0.33,1.0,9.57,0.23,Hudaverdi_et_al_2011_IJNAMG / Kulatilake_et_al_2010
Db7,Dongri-Buzurg,Dongri-Buzurg Mine,India,Manganese ore (micaceous/muscovite schist),G2_low_E,train,1.25,5.0,20.0,1.75,0.44,1.0,9.57,0.4,Hudaverdi_et_al_2011_IJNAMG / Kulatilake_et_al_2010
Db8,Dongri-Buzurg,Dongri-Buzurg Mine,India,Manganese ore (micaceous/muscovite schist),G2_low_E,train,1.2,2.4,25.0,1.4,0.28,0.5,9.57,0.35,Hudaverdi_et_al_2011_IJNAMG / Kulatilake_et_al_2010
Db9,Dongri-Buzurg,Dongri-Buzurg Mine,India,Manganese ore (micaceous/muscovite schist),G2_low_E,train,1.4,3.2,25.0,1.4,0.31,0.5,9.57,0.29,Hudaverdi_et_al_2011_IJNAMG / Kulatilake_et_al_2010
Mi1,Miami,Miami Mine,USA (Arizona),Pinal schist,G2_low_E,train,1.0,2.5,22.22,1.69,0.71,0.17,10.0,0.1,Hudaverdi_et_al_2011_IJNAMG
Mi2,Miami,Miami Mine,USA (Arizona),Pinal schist,G2_low_E,train,1.0,1.67,33.33,0.72,0.46,0.1,10.0,0.09,Hudaverdi_et_al_2011_IJNAMG
Mi3,Miami,Miami Mine,USA (Arizona),Pinal schist,G2_low_E,train,1.0,1.67,33.33,1.25,0.27,0.1,10.0,0.09,Hudaverdi_et_al_2011_IJNAMG
Mi4,Miami,Miami Mine,USA (Arizona),Pinal schist,G2_low_E,train,1.0,1.67,33.33,0.7,0.47,0.1,10.0,0.08,Hudaverdi_et_al_2011_IJNAMG
Mi5,Miami,Miami Mine,USA (Arizona),Pinal schist,G2_low_E,train,1.0,1.67,33.33,1.28,0.26,0.1,10.0,0.1,Hudaverdi_et_al_2011_IJNAMG
Mi6,Miami,Miami Mine,USA (Arizona),Pinal schist,G2_low_E,train,1.0,2.5,22.22,1.69,0.71,0.02,10.0,0.02,Hudaverdi_et_al_2011_IJNAMG
Sm1,Soma,Soma Basin Coal Mine,Turkey,Coal,G2_low_E,train,1.25,2.5,28.57,0.83,0.42,0.5,13.25,0.15,Hudaverdi_et_al_2011_IJNAMG / Kulatilake_et_al_2010
Sm2,Soma,Soma Basin Coal Mine,Turkey,Coal,G2_low_E,train,1.25,2.5,28.57,0.83,0.42,0.5,13.25,0.19,Hudaverdi_et_al_2011_IJNAMG / Kulatilake_et_al_2010
Sm3,Soma,Soma Basin Coal Mine,Turkey,Coal,G2_low_E,train,1.25,2.5,28.57,0.83,0.42,0.5,13.25,0.23,Hudaverdi_et_al_2011_IJNAMG / Kulatilake_et_al_2010
Sm4,Soma,Soma Basin Coal Mine,Turkey,Coal,G2_low_E,train,1.25,2.5,28.57,0.83,0.42,1.5,13.25,0.22,Hudaverdi_et_al_2011_IJNAMG / Kulatilake_et_al_2010
Sm5,Soma,Soma Basin Coal Mine,Turkey,Coal,G2_low_E,train,1.25,2.5,28.57,0.83,0.42,1.5,13.25,0.24,Hudaverdi_et_al_2011_IJNAMG / Kulatilake_et_al_2010
Sm6,Soma,Soma Basin Coal Mine,Turkey,Coal,G2_low_E,train,1.25,2.5,28.57,0.83,0.42,1.5,13.25,0.26,Hudaverdi_et_al_2011_IJNAMG / Kulatilake_et_al_2010
Sm7,Soma,Soma Basin Coal Mine,Turkey,Coal,G2_low_E,train,1.25,2.5,28.57,0.83,0.42,1.5,13.25,0.28,Hudaverdi_et_al_2011_IJNAMG / Kulatilake_et_al_2010
Ad1,Akdaglar,Akdaglar Quarry,Turkey (Istanbul),Sandstone (aggregate),G2_low_E,train,1.2,4.4,28.09,1.2,0.58,0.77,16.9,0.15,Hudaverdi_et_al_2011_IJNAMG / Kulatilake_et_al_2010
Ad2,Akdaglar,Akdaglar Quarry,Turkey (Istanbul),Sandstone (aggregate),G2_low_E,train,1.2,4.8,28.09,1.2,0.66,0.56,16.9,0.17,Hudaverdi_et_al_2011_IJNAMG / Kulatilake_et_al_2010
Ad3,Akdaglar,Akdaglar Quarry,Turkey (Istanbul),Sandstone (aggregate),G2_low_E,train,1.2,4.8,28.09,1.2,0.72,0.29,16.9,0.14,Hudaverdi_et_al_2011_IJNAMG / Kulatilake_et_al_2010
Ad4,Akdaglar,Akdaglar Quarry,Turkey (Istanbul),Sandstone (aggregate),G2_low_E,train,1.2,4.0,28.09,1.6,0.49,0.81,16.9,0.16,Hudaverdi_et_al_2011_IJNAMG / Kulatilake_et_al_2010
Ad5,Akdaglar,Akdaglar Quarry,Turkey (Istanbul),Sandstone (aggregate),G2_low_E,train,1.14,6.82,24.72,1.36,0.84,1.43,16.9,0.21,Hudaverdi_et_al_2011_IJNAMG / Kulatilake_et_al_2010
Ad6,Akdaglar,Akdaglar Quarry,Turkey (Istanbul),Sandstone (aggregate),G2_low_E,train,1.14,6.36,24.72,1.36,0.82,1.77,16.9,0.21,Hudaverdi_et_al_2011_IJNAMG / Kulatilake_et_al_2010
Ad7,Akdaglar,Akdaglar Quarry,Turkey (Istanbul),Sandstone (aggregate),G2_low_E,train,1.25,3.5,22.47,1.25,0.75,1.03,16.9,0.15,Hudaverdi_et_al_2011_IJNAMG / Kulatilake_et_al_2010
Ad8,Akdaglar,Akdaglar Quarry,Turkey (Istanbul),Sandstone (aggregate),G2_low_E,train,1.25,3.25,22.47,1.25,0.71,0.83,16.9,0.19,Hudaverdi_et_al_2011_IJNAMG / Kulatilake_et_al_2010
Ad9,Akdaglar,Akdaglar Quarry,Turkey (Istanbul),Sandstone (aggregate),G2_low_E,train,1.25,3.5,22.47,1.25,0.76,1.68,16.9,0.18,Hudaverdi_et_al_2011_IJNAMG / Kulatilake_et_al_2010
Ad10,Akdaglar,Akdaglar Quarry,Turkey (Istanbul),Sandstone (aggregate),G2_low_E,train,1.25,3.5,22.47,1.25,0.76,1.24,16.9,0.15,Hudaverdi_et_al_2011_IJNAMG / Kulatilake_et_al_2010
Ad11,Akdaglar,Akdaglar Quarry,Turkey (Istanbul),Sandstone (aggregate),G2_low_E,train,1.14,3.18,24.72,1.14,0.69,0.67,16.9,0.14,Hudaverdi_et_al_2011_IJNAMG / Kulatilake_et_al_2010
Ad12,Akdaglar,Akdaglar Quarry,Turkey (Istanbul),Sandstone (aggregate),G2_low_E,train,1.14,3.18,24.72,1.14,0.69,2.01,16.9,0.2,Hudaverdi_et_al_2011_IJNAMG / Kulatilake_et_al_2010
Ad13,Akdaglar,Akdaglar Quarry,Turkey (Istanbul),Sandstone (aggregate),G2_low_E,train,1.12,2.8,28.09,1.0,0.54,0.96,16.9,0.15,Hudaverdi_et_al_2011_IJNAMG / Kulatilake_et_al_2010
Ad14,Akdaglar,Akdaglar Quarry,Turkey (Istanbul),Sandstone (aggregate),G2_low_E,train,1.0,2.4,28.09,1.0,0.56,0.83,16.9,0.14,Hudaverdi_et_al_2011_IJNAMG / Kulatilake_et_al_2010
Ad15,Akdaglar,Akdaglar Quarry,Turkey (Istanbul),Sandstone (aggregate),G2_low_E,train,1.1,3.75,21.74,1.0,1.02,1.64,16.9,0.15,Hudaverdi_et_al_2011_IJNAMG / Kulatilake_et_al_2010
Ad16,Akdaglar,Akdaglar Quarry,Turkey (Istanbul),Sandstone (aggregate),G2_low_E,train,1.1,3.5,22.47,1.25,0.86,2.35,16.9,0.15,Hudaverdi_et_al_2011_IJNAMG / Kulatilake_et_al_2010
Ad17,Akdaglar,Akdaglar Quarry,Turkey (Istanbul),Sandstone (aggregate),G2_low_E,train,1.25,3.75,17.98,1.56,1.24,1.53,16.9,0.19,Hudaverdi_et_al_2011_IJNAMG / Kulatilake_et_al_2010
Ad18,Akdaglar,Akdaglar Quarry,Turkey (Istanbul),Sandstone (aggregate),G2_low_E,train,1.0,4.0,18.42,1.71,1.26,0.73,16.9,0.15,Hudaverdi_et_al_2011_IJNAMG / Kulatilake_et_al_2010
Ad19,Akdaglar,Akdaglar Quarry,Turkey (Istanbul),Sandstone (aggregate),G2_low_E,train,1.0,4.0,18.42,1.71,1.26,1.47,16.9,0.17,Hudaverdi_et_al_2011_IJNAMG / Kulatilake_et_al_2010
Ad20,Akdaglar,Akdaglar Quarry,Turkey (Istanbul),Sandstone (aggregate),G2_low_E,train,1.14,4.0,18.42,1.71,1.1,1.19,16.9,0.19,Hudaverdi_et_al_2011_IJNAMG / Kulatilake_et_al_2010
Ad21,Akdaglar,Akdaglar Quarry,Turkey (Istanbul),Sandstone (aggregate),G2_low_E,train,1.11,4.44,18.95,1.67,1.25,1.71,16.9,0.22,Hudaverdi_et_al_2011_IJNAMG / Kulatilake_et_al_2010
Ad22,Akdaglar,Akdaglar Quarry,Turkey (Istanbul),Sandstone (aggregate),G2_low_E,train,1.28,3.61,18.95,1.67,0.89,0.56,16.9,0.2,Hudaverdi_et_al_2011_IJNAMG / Kulatilake_et_al_2010
Oz1,Ozmert,Ozmert Quarry,Turkey (Istanbul),Sandstone (aggregate),G2_low_E,train,1.0,2.83,33.71,1.0,0.48,0.45,15.0,0.27,Hudaverdi_et_al_2011_IJNAMG / Kulatilake_et_al_2010
Oz2,Ozmert,Ozmert Quarry,Turkey (Istanbul),Sandstone (aggregate),G2_low_E,train,1.2,2.4,28.09,1.0,0.53,0.86,15.0,0.14,Hudaverdi_et_al_2011_IJNAMG / Kulatilake_et_al_2010
Oz3,Ozmert,Ozmert Quarry,Turkey (Istanbul),Sandstone (aggregate),G2_low_E,train,1.2,2.4,28.09,1.0,0.53,0.44,15.0,0.14,Hudaverdi_et_al_2011_IJNAMG / Kulatilake_et_al_2010
Oz4,Ozmert,Ozmert Quarry,Turkey (Istanbul),Sandstone (aggregate),G2_low_E,train,1.25,4.5,22.47,1.5,0.76,0.66,15.0,0.2,Hudaverdi_et_al_2011_IJNAMG / Kulatilake_et_al_2010
Oz5,Ozmert,Ozmert Quarry,Turkey (Istanbul),Sandstone (aggregate),G2_low_E,train,1.11,3.33,30.34,1.11,0.47,0.47,15.0,0.17,Hudaverdi_et_al_2011_IJNAMG / Kulatilake_et_al_2010
Oz6,Ozmert,Ozmert Quarry,Turkey (Istanbul),Sandstone (aggregate),G2_low_E,train,1.2,3.2,28.09,1.2,0.48,1.11,15.0,0.3,Hudaverdi_et_al_2011_IJNAMG / Kulatilake_et_al_2010
Oz7,Ozmert,Ozmert Quarry,Turkey (Istanbul),Sandstone (aggregate),G2_low_E,train,1.2,2.4,28.09,1.0,0.7,0.88,15.0,0.12,Hudaverdi_et_al_2011_IJNAMG / Kulatilake_et_al_2010
En13,Enusa,Enusa Mine,Spain,"Uranium ore (schistose, folded)",G1_high_E,validation,1.24,1.33,27.27,0.78,0.48,1.11,60.0,0.47,Hudaverdi_et_al_2011_IJNAMG / Kulatilake_et_al_2010
Ru7,Reocin-UG,Reocin Mine (Underground),Spain,Zinc ore,G1_high_E,validation,1.13,5.0,39.47,3.11,0.31,2.0,45.0,0.64,Hudaverdi_et_al_2011_IJNAMG / Kulatilake_et_al_2010
Mg8,Murgul,Murgul Copper Mine,Turkey,Dacite / altered dacite (copper),G1_high_E,validation,1.1,2.4,30.3,0.8,0.55,1.23,50.0,0.44,Hudaverdi_et_al_2011_IJNAMG / Kulatilake_et_al_2010
Mg9,Murgul,Murgul Copper Mine,Turkey,Dacite / altered dacite (copper),G1_high_E,validation,1.0,2.67,27.27,0.89,0.75,0.77,50.0,0.25,Hudaverdi_et_al_2011_IJNAMG / Kulatilake_et_al_2010
Mr12,Mrica,Mrica Quarry,Indonesia,Andesite,G2_low_E,validation,1.25,6.25,31.58,0.63,0.48,1.03,32.0,0.2,Hudaverdi_et_al_2011_IJNAMG / Kulatilake_et_al_2010
Db10,Dongri-Buzurg,Dongri-Buzurg Mine,India,Manganese ore (micaceous/muscovite schist),G2_low_E,validation,1.15,4.35,20.0,1.75,0.89,1.0,9.57,0.35,Hudaverdi_et_al_2011_IJNAMG / Kulatilake_et_al_2010
Mi7,Miami,Miami Mine,USA (Arizona),Pinal schist,G2_low_E,validation,1.0,1.67,33.33,0.7,0.47,0.09,10.0,0.08,Hudaverdi_et_al_2011_IJNAMG
Sm8,Soma,Soma Basin Coal Mine,Turkey,Coal,G2_low_E,validation,1.25,2.5,28.57,0.83,0.42,0.5,13.25,0.18,Hudaverdi_et_al_2011_IJNAMG / Kulatilake_et_al_2010
Oz8,Ozmert,Ozmert Quarry,Turkey (Istanbul),Sandstone (aggregate),G2_low_E,validation,1.2,2.4,28.09,1.0,0.53,0.82,15.0,0.23,Hudaverdi_et_al_2011_IJNAMG / Kulatilake_et_al_2010
Oz9,Ozmert,Ozmert Quarry,Turkey (Istanbul),Sandstone (aggregate),G2_low_E,validation,1.11,3.33,30.34,1.11,0.47,0.54,15.0,0.17,Hudaverdi_et_al_2011_IJNAMG / Kulatilake_et_al_2010
Ad23,Akdaglar,Akdaglar Quarry,Turkey (Istanbul),Sandstone (aggregate),G2_low_E,validation,1.11,4.44,18.95,1.67,1.25,1.63,16.9,0.21,Hudaverdi_et_al_2011_IJNAMG / Kulatilake_et_al_2010
Ad24,Akdaglar,Akdaglar Quarry,Turkey (Istanbul),Sandstone (aggregate),G2_low_E,validation,1.28,3.61,18.95,1.67,0.89,0.61,16.9,0.2,Hudaverdi_et_al_2011_IJNAMG / Kulatilake_et_al_2010
Ad25,Akdaglar,Akdaglar Quarry,Turkey (Istanbul),Sandstone (aggregate),G2_low_E,validation,1.2,2.8,28.09,1.0,0.5,1.49,16.9,0.17,Hudaverdi_et_al_2011_IJNAMG / Kulatilake_et_al_2010
