ablation,rep,fold,model,R2,RMSE,MAE,MAPE
geometry+Pf,0,0,MVR,0.12499938593638371,0.16223712965975948,0.1263950353256012,34.60687712181355
geometry+Pf,0,0,RF,0.38866612063728634,0.1356079989261831,0.09637776618237756,28.42781693466655
geometry+Pf,0,0,XGB,0.32703402268560033,0.1422795979819038,0.10064931230111557,25.867303767326998
geometry+Pf,0,0,SVR,0.4514231713345751,0.128459079279714,0.09296302658872607,22.367329213392193
geometry+Pf,0,1,MVR,0.16044552990186034,0.20800622775009633,0.14824401890442476,47.734727621178926
geometry+Pf,0,1,RF,0.4842033259574696,0.16303887410295473,0.10889863834705492,43.95431286058004
geometry+Pf,0,1,XGB,0.552480207891809,0.15186511470595063,0.1040662310939086,36.07149174928651
geometry+Pf,0,1,SVR,0.3349263501295773,0.18513424938723627,0.11589137994461363,29.06561051438658
geometry+Pf,0,2,MVR,0.0011097616233645136,0.1819176128088878,0.13752825821305373,47.50905962708665
geometry+Pf,0,2,RF,0.5003890773247386,0.12865652771912098,0.09551794256156437,35.38332724822148
geometry+Pf,0,2,XGB,0.5254064825077737,0.12539400244534263,0.09258779708634722,25.24769800539018
geometry+Pf,0,2,SVR,0.34626630401595404,0.1471689865764664,0.09706418892938466,26.8610655926972
geometry+Pf,0,3,MVR,0.1334894597186671,0.09013995011760342,0.07234626315614381,82.33601400229833
geometry+Pf,0,3,RF,0.19318189239885086,0.08697976035666874,0.06563976954271779,82.04410291440489
geometry+Pf,0,3,XGB,-0.028885788968900483,0.09822317602749546,0.08436398606875845,81.90006118044887
geometry+Pf,0,3,SVR,0.4573873202683135,0.07133051465872994,0.05517297828891193,58.69850276099792
geometry+Pf,0,4,MVR,0.6575113868905536,0.11105391787562625,0.08598052411740703,28.624220920077125
geometry+Pf,0,4,RF,0.7373406345224509,0.09725395274108085,0.07535137403301824,24.50681981467254
geometry+Pf,0,4,XGB,0.6564635658795327,0.11122366915712043,0.08558392935329014,25.438129400567643
geometry+Pf,0,4,SVR,0.228692650735847,0.16665738034624392,0.12759055938164837,42.930461499318625
geometry+Pf,1,0,MVR,0.23440854428711821,0.11939327728814579,0.09955345433222197,42.437310838422675
geometry+Pf,1,0,RF,0.5796370190747182,0.0884694986430643,0.06742919188149714,31.622755324906908
geometry+Pf,1,0,XGB,0.5722336508967634,0.08924515397117862,0.07280438425640264,30.51565949034925
geometry+Pf,1,0,SVR,0.2265359523516527,0.12000556896665596,0.07370809010171335,24.497146020281257
geometry+Pf,1,1,MVR,0.12828980717456517,0.19942784091493101,0.1320822430795019,34.93418408894694
geometry+Pf,1,1,RF,0.5650225608669437,0.14087472828214292,0.0900532073885601,24.98001353226105
geometry+Pf,1,1,XGB,0.5360470008329282,0.14549119754788586,0.08972496438026427,22.533202746396316
geometry+Pf,1,1,SVR,0.19717994308020614,0.19138541240581816,0.11435324389454499,27.230534861347184
geometry+Pf,1,2,MVR,0.45088647295738316,0.15980110711068599,0.13041011880760692,121.34600690050985
geometry+Pf,1,2,RF,0.5222391858632216,0.1490575489831229,0.129078266467142,110.83766750832665
geometry+Pf,1,2,XGB,0.3817749447545855,0.16955945564239783,0.14162566035985943,113.20389432063618
geometry+Pf,1,2,SVR,0.45282375173116407,0.159518967980874,0.1227950962083213,110.11956294048879
geometry+Pf,1,3,MVR,0.18446370937203493,0.11076025708804944,0.08501153690055882,41.522630385018665
geometry+Pf,1,3,RF,0.2132406874461764,0.10878856683466256,0.06990023497859553,40.82567927939332
geometry+Pf,1,3,XGB,0.23642164161256118,0.10717391976891932,0.06670988142490389,32.90574633253243
geometry+Pf,1,3,SVR,0.49419400107323963,0.08722767510098622,0.06207169748228704,30.098774782792887
geometry+Pf,1,4,MVR,0.02698271857249257,0.17849933756007055,0.13474528082735623,36.489137812591295
geometry+Pf,1,4,RF,0.6468599613154095,0.10753499320383075,0.07985883431007335,22.06048055588436
geometry+Pf,1,4,XGB,0.5611409076171734,0.11987783257189748,0.0936431485414505,27.14127079846606
geometry+Pf,1,4,SVR,0.45280556911712244,0.13385887361024243,0.10351408767500724,29.285687641680862
geometry+Pf,2,0,MVR,0.1399232367671983,0.24186132380899564,0.1696390737546455,51.34651648501366
geometry+Pf,2,0,RF,0.6501792764242236,0.15424837067196023,0.09464206213497342,28.753317353390667
geometry+Pf,2,0,XGB,0.5325607077965946,0.17830372909963715,0.11488907857073677,28.364710861510012
geometry+Pf,2,0,SVR,0.5035860446102183,0.18374681055896097,0.1110954606938797,21.46940188676922
geometry+Pf,2,1,MVR,-0.009639332483466045,0.1584518883701878,0.12752465267467253,47.31946297815356
geometry+Pf,2,1,RF,-0.5042115484777829,0.19340546787904273,0.14335134175360992,60.68440358970438
geometry+Pf,2,1,XGB,0.1952137476001079,0.14146681090642504,0.10838617449221404,37.985027727368184
geometry+Pf,2,1,SVR,0.2680169596189431,0.13491641674666363,0.09659227915184267,30.073774231022927
geometry+Pf,2,2,MVR,0.022740203619420862,0.14196962423317352,0.11037208735917474,48.81371054827319
geometry+Pf,2,2,RF,0.3726965922265394,0.11374419460679905,0.07805197760508334,61.792747241033254
geometry+Pf,2,2,XGB,0.7776672136957126,0.06771613651456847,0.05336992034786626,33.43299297581856
geometry+Pf,2,2,SVR,-0.37522600098635905,0.16841371421301912,0.13038731984523777,86.56558148546712
geometry+Pf,2,3,MVR,0.5265324654082872,0.10700324487904045,0.07914847417950718,30.27221954120703
geometry+Pf,2,3,RF,0.7563349260730325,0.07676238983128567,0.053784942972838035,19.897338452082934
geometry+Pf,2,3,XGB,0.5690060654614896,0.10209099216995696,0.0639616726587216,21.10050194042972
geometry+Pf,2,3,SVR,0.3184585755757282,0.1283801782000287,0.08061930709797147,28.519390800264304
geometry+Pf,2,4,MVR,0.22564223004511152,0.14711311539269842,0.11141117820270775,80.35503992205376
geometry+Pf,2,4,RF,0.654115962987899,0.09832089471719244,0.07705312916927817,62.05971975062157
geometry+Pf,2,4,XGB,0.5380980154621745,0.11362018090800939,0.09254532777059538,75.18384480814586
geometry+Pf,2,4,SVR,0.588749859883942,0.1072095793008625,0.0854895046279726,60.21265252506709
geometry+Pf,3,0,MVR,0.31634736204524083,0.16868560096586072,0.12652335322599254,71.17061798187912
geometry+Pf,3,0,RF,0.2062048455659612,0.18176676901726097,0.1334658721472689,101.82802794720376
geometry+Pf,3,0,XGB,0.5467272305671156,0.137353610694207,0.10325754145781199,69.28207573728875
geometry+Pf,3,0,SVR,0.06952282206564253,0.19679457789170748,0.14416246036181496,99.70041671217034
geometry+Pf,3,1,MVR,0.5254909738803939,0.1186689928237958,0.08808723751689497,96.5683665644323
geometry+Pf,3,1,RF,0.6968493041151443,0.09485152159095801,0.07056912658382676,85.7336102077798
geometry+Pf,3,1,XGB,0.6092312543028894,0.10768988863415051,0.0740360077944669,79.18843832620968
geometry+Pf,3,1,SVR,0.4938453276482617,0.12256222667848848,0.09241256636493039,73.13710336556211
geometry+Pf,3,2,MVR,0.06950973892452283,0.15898072996118404,0.11634044094418405,38.420221922236294
geometry+Pf,3,2,RF,0.37424385393443194,0.13037404273637243,0.09218899851319985,30.42137180497
geometry+Pf,3,2,XGB,0.5221407478614908,0.11393012405570137,0.07987069836369266,25.81894878623337
geometry+Pf,3,2,SVR,0.383048695509311,0.1294535647783879,0.09108360862824182,27.760342874183646
geometry+Pf,3,3,MVR,0.2697727258762098,0.16168530054903474,0.11945395115635275,37.47614759031583
geometry+Pf,3,3,RF,0.6842879126290394,0.10631318228648971,0.0731934649058228,32.50844100006921
geometry+Pf,3,3,XGB,0.818774646451204,0.08054730074339485,0.05692717972728941,18.578968026864477
geometry+Pf,3,3,SVR,0.421412341670238,0.14392163898526686,0.1077367039393192,28.358491856559336
geometry+Pf,3,4,MVR,-0.5081031134863558,0.1942741916875802,0.15843776288981265,45.56029006402337
geometry+Pf,3,4,RF,0.14565878635336094,0.14622285898232498,0.11256930130559023,33.26039026438236
geometry+Pf,3,4,XGB,0.10373991347657119,0.14976716899633108,0.11712958234277639,35.425332749790265
geometry+Pf,3,4,SVR,0.06401105285827335,0.15305057041789955,0.11680182881221536,31.971588575834403
geometry+Pf,4,0,MVR,0.19041553821793344,0.17828540392121206,0.12234926378938786,38.41924747545314
geometry+Pf,4,0,RF,0.5441161443286637,0.13378635252170354,0.09004704019594534,30.4873260540141
geometry+Pf,4,0,XGB,0.38555622452639027,0.1553194277181099,0.1124151009817918,34.3571783424564
geometry+Pf,4,0,SVR,0.4536108185626534,0.14646563979170407,0.1005582532224836,31.891570707816065
geometry+Pf,4,1,MVR,-0.10972710471264957,0.22874317547469203,0.16914361418187895,42.39886771171212
geometry+Pf,4,1,RF,0.6520708726681523,0.12808121622366891,0.08363768619920181,24.373581193872404
geometry+Pf,4,1,XGB,0.6878055150465654,0.12132565996162159,0.08066702507436276,22.16960787904624
geometry+Pf,4,1,SVR,0.36298249967629803,0.1733068508367356,0.12022996697876416,29.57937286269083
geometry+Pf,4,2,MVR,0.38432706162759533,0.12112732211163475,0.09537548603302796,34.84624260218559
geometry+Pf,4,2,RF,0.5421907047501022,0.10445022663595531,0.08117956609065231,27.27506674010305
geometry+Pf,4,2,XGB,0.5176431875003497,0.10721394880272629,0.08391392673055331,30.36872056768292
geometry+Pf,4,2,SVR,-0.10456069147627112,0.16224147103224915,0.12141986473775544,39.700068300977705
geometry+Pf,4,3,MVR,0.424743098228316,0.12919186376616962,0.10360536964584446,110.8347056188236
geometry+Pf,4,3,RF,0.6411087703278453,0.10204357548041923,0.08334430303983688,98.38755999123178
geometry+Pf,4,3,XGB,0.6563969047534932,0.09984648448123253,0.07574383477369945,90.42738649500797
geometry+Pf,4,3,SVR,0.46257924917977167,0.12487096279347021,0.09373268134206046,90.54511326429781
geometry+Pf,4,4,MVR,0.31356926114093786,0.10677050467063784,0.07517606508109956,36.237985637033155
geometry+Pf,4,4,RF,0.507055457283397,0.09047986946298414,0.06154335609764789,33.87639748926827
geometry+Pf,4,4,XGB,0.6324962066328641,0.0781238876820341,0.053407521999400596,20.86819409820264
geometry+Pf,4,4,SVR,0.25000138027098817,0.11160487513800414,0.07054520222413212,26.82461554709948
