protocol,rep,fold,model,n_test,sec,R2,RMSE,MAE,MAPE,VAF,a20
P3_loso,0,Akdaglar,Mean,25,0.0,-40.00788566619018,0.16489350657958224,0.16287058823529413,98.07148031555244,0.0,0.0
P3_loso,0,Akdaglar,MVR,25,0.0,-36.96499121137704,0.15865783237140052,0.13906736274988055,81.38056844409758,-939.6504758781153,0.04
P3_loso,0,Akdaglar,Ridge,25,0.61,-26.03995114979845,0.13389760718684393,0.11948968326060014,70.58451377961003,-580.8881446425625,0.08
P3_loso,0,Akdaglar,RF,25,122.84,-8.571888336449295,0.07966520471698631,0.07509491185720076,43.76250972177421,-6.675171295636351,0.04
P3_loso,0,Akdaglar,ET,25,100.51,-24.753607543860785,0.1306739145578851,0.1220169005291006,70.39366633344463,-229.92699251222044,0.0
P3_loso,0,Akdaglar,XGB,25,21.26,-17.32695215996817,0.11023385305860126,0.08374198755025863,47.3640799840011,-810.0931257921773,0.36
P3_loso,0,Akdaglar,LGBM,25,13.04,-15.666575444609386,0.10512186348611693,0.09224791665189175,52.40173942181868,-323.14672349828857,0.16
P3_loso,0,Akdaglar,CatB,25,41.33,-19.913450690731196,0.11775591002570704,0.103984835677965,59.939818167379435,-360.54661785247185,0.16
P3_loso,0,Akdaglar,SVR,25,1.21,-78.69644055612976,0.22987372173942863,0.14390178231215667,80.5603685736568,-6247.682467586897,0.16
P3_loso,0,Akdaglar,GPR,25,0.43,-9.003982302899065,0.08144347994845379,0.07184335095491073,43.08142100082181,-267.2983131642323,0.2
P3_loso,0,Akdaglar,ANN,25,70.0,-58.37972666029953,0.19842160659778207,0.1300659732784964,76.00671941275243,-3724.8081116037824,0.24
