protocol,rep,model,idx,y,pred
P3_loso,0,Mean,61,0.15,0.30578431372549025
P3_loso,0,Mean,62,0.19,0.30578431372549025
P3_loso,0,Mean,63,0.23,0.30578431372549025
P3_loso,0,Mean,64,0.22,0.30578431372549025
P3_loso,0,Mean,65,0.24,0.30578431372549025
P3_loso,0,Mean,66,0.26,0.30578431372549025
P3_loso,0,Mean,67,0.28,0.30578431372549025
P3_loso,0,Mean,104,0.18,0.30578431372549025
P3_loso,0,MVR,61,0.15,0.16899432743676546
P3_loso,0,MVR,62,0.19,0.16899432743676546
P3_loso,0,MVR,63,0.23,0.16899432743676546
P3_loso,0,MVR,64,0.22,0.26323578317723045
P3_loso,0,MVR,65,0.24,0.26323578317723045
P3_loso,0,MVR,66,0.26,0.26323578317723045
P3_loso,0,MVR,67,0.28,0.26323578317723045
P3_loso,0,MVR,104,0.18,0.16899432743676546
P3_loso,0,Ridge,61,0.15,0.18768970282858366
P3_loso,0,Ridge,62,0.19,0.18768970282858366
P3_loso,0,Ridge,63,0.23,0.18768970282858366
P3_loso,0,Ridge,64,0.22,0.28109266727390253
P3_loso,0,Ridge,65,0.24,0.28109266727390253
P3_loso,0,Ridge,66,0.26,0.28109266727390253
P3_loso,0,Ridge,67,0.28,0.28109266727390253
P3_loso,0,Ridge,104,0.18,0.18768970282858366
P3_loso,0,RF,61,0.15,0.180401680969705
P3_loso,0,RF,62,0.19,0.180401680969705
P3_loso,0,RF,63,0.23,0.180401680969705
P3_loso,0,RF,64,0.22,0.1790719915043039
P3_loso,0,RF,65,0.24,0.1790719915043039
P3_loso,0,RF,66,0.26,0.1790719915043039
P3_loso,0,RF,67,0.28,0.1790719915043039
P3_loso,0,RF,104,0.18,0.180401680969705
P3_loso,0,ET,61,0.15,0.19490994124344385
P3_loso,0,ET,62,0.19,0.19490994124344385
P3_loso,0,ET,63,0.23,0.19490994124344385
P3_loso,0,ET,64,0.22,0.19393967642054735
P3_loso,0,ET,65,0.24,0.19393967642054735
P3_loso,0,ET,66,0.26,0.19393967642054735
P3_loso,0,ET,67,0.28,0.19393967642054735
P3_loso,0,ET,104,0.18,0.19490994124344385
P3_loso,0,XGB,61,0.15,0.11028095334768295
P3_loso,0,XGB,62,0.19,0.11028095334768295
P3_loso,0,XGB,63,0.23,0.11028095334768295
P3_loso,0,XGB,64,0.22,0.11919736117124557
P3_loso,0,XGB,65,0.24,0.11919736117124557
P3_loso,0,XGB,66,0.26,0.11919736117124557
P3_loso,0,XGB,67,0.28,0.11919736117124557
P3_loso,0,XGB,104,0.18,0.11028095334768295
P3_loso,0,LGBM,61,0.15,0.12602758552629867
P3_loso,0,LGBM,62,0.19,0.12602758552629867
P3_loso,0,LGBM,63,0.23,0.12602758552629867
P3_loso,0,LGBM,64,0.22,0.11453568980852626
P3_loso,0,LGBM,65,0.24,0.11453568980852626
P3_loso,0,LGBM,66,0.26,0.11453568980852626
P3_loso,0,LGBM,67,0.28,0.11453568980852626
P3_loso,0,LGBM,104,0.18,0.12602758552629867
P3_loso,0,CatB,61,0.15,0.19448184994172296
P3_loso,0,CatB,62,0.19,0.19448184994172296
P3_loso,0,CatB,63,0.23,0.19448184994172296
P3_loso,0,CatB,64,0.22,0.2273307759020769
P3_loso,0,CatB,65,0.24,0.2273307759020769
P3_loso,0,CatB,66,0.26,0.2273307759020769
P3_loso,0,CatB,67,0.28,0.2273307759020769
P3_loso,0,CatB,104,0.18,0.19448184994172296
P3_loso,0,SVR,61,0.15,0.19647378129562937
P3_loso,0,SVR,62,0.19,0.19647378129562937
P3_loso,0,SVR,63,0.23,0.19647378129562937
P3_loso,0,SVR,64,0.22,0.1718280597695337
P3_loso,0,SVR,65,0.24,0.1718280597695337
P3_loso,0,SVR,66,0.26,0.1718280597695337
P3_loso,0,SVR,67,0.28,0.1718280597695337
P3_loso,0,SVR,104,0.18,0.19647378129562937
P3_loso,0,GPR,61,0.15,0.21639022085229132
P3_loso,0,GPR,62,0.19,0.21639022085229132
P3_loso,0,GPR,63,0.23,0.21639022085229132
P3_loso,0,GPR,64,0.22,0.27188617514423646
P3_loso,0,GPR,65,0.24,0.27188617514423646
P3_loso,0,GPR,66,0.26,0.27188617514423646
P3_loso,0,GPR,67,0.28,0.27188617514423646
P3_loso,0,GPR,104,0.18,0.21639022085229132
P3_loso,0,ANN,61,0.15,0.18024930502892098
P3_loso,0,ANN,62,0.19,0.18024930502892098
P3_loso,0,ANN,63,0.23,0.18024930502892098
P3_loso,0,ANN,64,0.22,0.16295965664497467
P3_loso,0,ANN,65,0.24,0.16295965664497467
P3_loso,0,ANN,66,0.26,0.16295965664497467
P3_loso,0,ANN,67,0.28,0.16295965664497467
P3_loso,0,ANN,104,0.18,0.18024930502892098
