model,t,p,p_holm
ANN,1.9783133941149558,0.053529787000009474,0.3747085090000663
CatB,1.1089701236483922,0.27285641771396685,0.9407603533558672
GPR,0.3077587525047927,0.759570303264189,1.0
LGBM,1.2018708668933642,0.2351900883389668,0.9407603533558672
MVR,3.7250317092054233,0.000505214709620911,0.004041717676967288
Mean,7.576498879448244,8.531736365116125e-10,8.531736365116125e-09
RF,0.42072188616021816,0.6757977322963418,1.0
Ridge,4.001338556529214,0.00021257363981946797,0.0019131627583752117
SVR,1.8602858888834695,0.06885232189282589,0.41311393135695534
XGB,1.4402005756655614,0.15616982280535127,0.7808491140267564
