site,mine,country,rock_type,E_group,n_blasts
Akdaglar,Akdaglar Quarry,Turkey (Istanbul),Sandstone (aggregate),G2_low_E,25
Enusa,Enusa Mine,Spain,"Uranium ore (schistose, folded)",G1_high_E,13
Mrica,Mrica Quarry,Indonesia,Andesite,G2_low_E,12
Dongri-Buzurg,Dongri-Buzurg Mine,India,Manganese ore (micaceous/muscovite schist),G2_low_E,10
Reocin,Reocin Mine,Spain,Zinc ore,G1_high_E,10
Murgul,Murgul Copper Mine,Turkey,Dacite / altered dacite (copper),G1_high_E,9
Ozmert,Ozmert Quarry,Turkey (Istanbul),Sandstone (aggregate),G2_low_E,9
Soma,Soma Basin Coal Mine,Turkey,Coal,G2_low_E,8
Miami,Miami Mine,USA (Arizona),Pinal schist,G2_low_E,7
Reocin-UG,Reocin Mine (Underground),Spain,Zinc ore,G1_high_E,7
