subset,fold,model,R2,RMSE,MAE,MAPE
full_110,0,RF,0.6328773327124313,0.13526965361481968,0.07995228172845308,19.96050837523322
full_110,0,XGB,0.6346056494642341,0.13495087104863726,0.07508855245330116,17.23241482047927
full_110,1,RF,0.8974276606557832,0.06611442166652234,0.05087640194155617,16.366897158686037
full_110,1,XGB,0.8284896439094334,0.08549215163460278,0.06255337028276353,18.303117727989946
full_110,2,RF,0.6825714270162798,0.098118749409367,0.07332302711100207,45.25747472381761
full_110,2,XGB,0.6396184363256308,0.10454668785777096,0.0673529783760508,43.75236897155696
full_110,3,RF,0.4229975119041053,0.06109333378796529,0.03995386920601837,17.093168741009325
full_110,3,XGB,0.21863391651945563,0.07109388703017781,0.04385175447572361,20.69110832895106
full_110,4,RF,0.8855666844460942,0.0559748994602533,0.04802982065827685,20.365733906226534
full_110,4,XGB,0.9269973498387363,0.044708118638488746,0.035112639268239335,13.494498825852915
without_Miami_103,0,RF,0.7675136409414373,0.10318403606879283,0.06308494131290052,16.678917883148642
without_Miami_103,0,XGB,0.7880000589293007,0.0985329858538436,0.05673073667287827,13.847170525924826
without_Miami_103,1,RF,0.7152850569201525,0.12178177772158383,0.07255421348334816,20.286269485666754
without_Miami_103,1,XGB,0.6344886589751624,0.13798364306679178,0.08964428621530532,23.968493576506443
without_Miami_103,2,RF,0.5767686241188905,0.11117236205368049,0.08633780864253286,26.633547546462026
without_Miami_103,2,XGB,0.6540593824715877,0.10050986349228072,0.07229327998663251,21.894331455658676
without_Miami_103,3,RF,0.7248454445626107,0.062054742953399016,0.04566153775238187,22.509876423935683
without_Miami_103,3,XGB,0.6283419503234711,0.07212044522209433,0.04855979127543313,24.42343841727983
without_Miami_103,4,RF,0.7292906527809171,0.062195893005908685,0.05169995477485246,16.649126623518733
without_Miami_103,4,XGB,0.7588496411875503,0.05870215410582178,0.04747306758942811,15.45397053822246
without_iso_outliers,0,RF,0.6266450539172768,0.1413192464631444,0.08415089792508815,18.894830616693152
without_iso_outliers,0,XGB,0.6400657570663124,0.13875605424184517,0.08105940733850003,18.36940211665869
without_iso_outliers,1,RF,0.8449785285720299,0.07700849066245317,0.049870060226962276,21.25630625460342
without_iso_outliers,1,XGB,0.7982472203672004,0.0878521607398352,0.052889089599251746,19.10349711186028
without_iso_outliers,2,RF,0.5774030455174693,0.10923683634662816,0.08658571025416825,26.617097805247464
without_iso_outliers,2,XGB,0.5544517316983321,0.11216395446726496,0.07721140221545571,23.295156679287444
without_iso_outliers,3,RF,0.6061919996732257,0.050165758102901685,0.03993292714345501,25.169538111003682
without_iso_outliers,3,XGB,0.3708409757655631,0.06340818577830219,0.051649504966206024,31.836831646743676
without_iso_outliers,4,RF,0.718331454219606,0.060585293240879204,0.049443723296681785,18.590270888162834
without_iso_outliers,4,XGB,0.7950782342824692,0.051676380001808166,0.04400057598396582,16.82426728944112
