,R2,RMSE,MAE,MAPE,VAF,a20
ANN Kulatilake (published),0.925,0.04,0.031,10.733,93.967,0.917
LGBM (ours),0.9,0.046,0.038,12.2,92.712,0.909
CatB (ours),0.892,0.048,0.036,10.84,92.871,0.818
RF (ours),0.889,0.048,0.04,12.917,90.344,0.909
XGB (ours),0.889,0.049,0.038,12.85,89.442,0.909
ET (ours),0.854,0.056,0.036,11.565,85.657,0.818
Ridge (ours),0.746,0.073,0.051,13.875,84.345,0.727
MVR Kulatilake (published),0.708,0.079,0.06,18.297,81.786,0.583
ANN (ours),0.668,0.084,0.053,17.063,76.562,0.727
MVR (ours),0.6,0.092,0.067,18.38,80.43,0.545
GPR (ours),0.594,0.093,0.059,18.519,59.597,0.727
SVR (ours),0.28,0.124,0.077,20.278,40.739,0.455
Kuznetsov (published),0.232,0.128,0.095,34.865,23.233,0.5
Mean (ours),-0.0,0.146,0.124,43.496,0.0,0.091
