blast_id,S_B,H_B,B_D,T_B,Pf,XB,E,X50
En1,1.24,1.33,27.27,0.78,0.48,0.58,60.0,0.37
En2,1.24,1.33,27.27,0.78,0.48,0.58,60.0,0.37
En3,1.24,1.33,27.27,0.78,0.48,1.08,60.0,0.33
En4,1.24,1.33,27.27,0.78,0.48,1.11,60.0,0.42
En5,1.24,1.33,27.27,0.78,0.48,1.08,60.0,0.46
En6,1.24,1.33,27.27,1.17,0.27,1.08,60.0,0.37
En7,1.24,1.33,27.27,1.06,0.33,1.08,60.0,0.64
En8,1.24,1.33,27.27,0.91,0.41,1.11,60.0,0.42
En9,1.24,1.33,27.27,0.91,0.41,1.11,60.0,0.26
En10,1.24,1.33,27.27,0.99,0.36,1.08,60.0,0.42
En11,1.24,1.33,27.27,1.06,0.33,1.11,60.0,0.31
En12,1.24,1.33,27.27,1.06,0.33,1.11,60.0,0.38
Rc2,1.17,1.5,26.2,1.12,0.3,0.68,45.0,0.48
Rc3,1.17,1.58,26.2,1.22,0.28,0.68,45.0,0.48
Rc4,1.17,1.96,26.2,1.3,0.34,1.56,45.0,0.75
Rc5,1.17,1.75,26.2,1.31,0.29,1.56,45.0,0.96
Rc6,1.17,1.75,26.2,1.16,0.36,1.56,45.0,0.76
Rc7,1.17,1.67,26.2,1.22,0.31,1.8,45.0,0.53
Rc8,1.17,1.83,26.2,1.34,0.3,1.8,45.0,0.56
Rc9,1.17,1.83,26.2,1.29,0.32,1.8,45.0,0.74
Rc10,1.17,1.83,26.2,1.23,0.35,1.8,45.0,0.44
Mg1,1.0,2.67,27.27,0.89,0.75,0.83,50.0,0.23
Mg2,1.0,2.67,27.27,0.89,0.75,0.78,50.0,0.25
Mg3,1.0,2.4,30.3,0.8,0.61,1.02,50.0,0.27
Mg4,1.0,2.4,30.3,0.8,0.61,0.75,50.0,0.3
Mg5,1.1,2.4,30.3,0.8,0.55,1.18,50.0,0.38
Mg6,1.1,2.4,30.3,0.8,0.55,1.24,50.0,0.37
Mg7,1.1,2.4,30.3,0.8,0.55,1.33,50.0,0.38
Ru1,1.13,5.0,39.47,1.93,0.31,2.0,45.0,0.64
Ru2,1.2,6.0,32.89,3.67,0.3,2.0,45.0,0.54
Ru3,1.2,6.0,32.89,3.7,0.3,2.0,45.0,0.51
Ru4,1.2,6.0,32.89,4.67,0.22,2.0,45.0,0.64
Ru5,1.2,6.0,32.89,3.11,0.35,2.0,45.0,0.54
Ru6,1.2,6.0,32.89,3.22,0.34,2.0,45.0,0.69
Mr1,1.2,6.0,32.89,0.8,0.49,1.67,32.0,0.17
Mr2,1.2,6.0,32.89,0.8,0.51,1.67,32.0,0.17
Mr3,1.2,6.0,32.89,0.8,0.49,1.67,32.0,0.13
Mr4,1.2,6.0,32.89,0.8,0.52,1.67,32.0,0.17
Mr5,1.2,6.0,32.89,0.8,0.42,1.67,32.0,0.13
Mr6,1.4,6.0,32.89,0.8,0.36,1.67,32.0,0.15
Mr7,1.2,6.0,32.89,0.6,0.56,1.03,32.0,0.18
Mr8,1.4,6.0,32.89,0.6,0.3,1.03,32.0,0.19
Mr9,1.4,6.0,32.89,0.6,0.35,1.03,32.0,0.16
Mr10,1.16,5.0,39.47,0.5,0.39,1.03,32.0,0.17
Mr11,1.16,5.0,39.47,0.5,0.32,1.03,32.0,0.21
Db1,1.25,3.5,20.0,1.75,0.73,1.0,9.57,0.44
Db2,1.25,5.1,20.0,1.75,0.7,1.0,9.57,0.76
Db3,1.38,3.0,20.0,1.75,0.62,1.0,9.57,0.35
Db4,1.5,5.5,20.0,1.75,0.56,1.0,9.57,0.55
Db5,1.75,4.75,20.0,1.75,0.39,1.0,9.57,0.35
Db6,1.25,4.75,20.0,1.75,0.33,1.0,9.57,0.23
Db7,1.25,5.0,20.0,1.75,0.44,1.0,9.57,0.4
Db8,1.2,2.4,25.0,1.4,0.28,0.5,9.57,0.35
Db9,1.4,3.2,25.0,1.4,0.31,0.5,9.57,0.29
Sm1,1.25,2.5,28.57,0.83,0.42,0.5,13.25,0.15
Sm2,1.25,2.5,28.57,0.83,0.42,0.5,13.25,0.19
Sm3,1.25,2.5,28.57,0.83,0.42,0.5,13.25,0.23
Sm4,1.25,2.5,28.57,0.83,0.42,1.5,13.25,0.22
Sm5,1.25,2.5,28.57,0.83,0.42,1.5,13.25,0.24
Sm6,1.25,2.5,28.57,0.83,0.42,1.5,13.25,0.26
Sm7,1.25,2.5,28.57,0.83,0.42,1.5,13.25,0.28
Ad1,1.2,4.4,28.09,1.2,0.58,0.77,16.9,0.15
Ad2,1.2,4.8,28.09,1.2,0.66,0.56,16.9,0.17
Ad3,1.2,4.8,28.09,1.2,0.72,0.29,16.9,0.14
Ad4,1.2,4.0,28.09,1.6,0.49,0.81,16.9,0.16
Ad5,1.14,6.82,24.72,1.36,0.84,1.43,16.9,0.21
Ad6,1.14,6.36,24.72,1.36,0.82,1.77,16.9,0.21
Ad7,1.25,3.5,22.47,1.25,0.75,1.03,16.9,0.15
Ad8,1.25,3.25,22.47,1.25,0.71,0.83,16.9,0.19
Ad9,1.25,3.5,22.47,1.25,0.76,1.68,16.9,0.18
Ad10,1.25,3.5,22.47,1.25,0.76,1.24,16.9,0.15
Ad11,1.14,3.18,24.72,1.14,0.69,0.67,16.9,0.14
Ad12,1.14,3.18,24.72,1.14,0.69,2.01,16.9,0.2
Ad13,1.12,2.8,28.09,1.0,0.54,0.96,16.9,0.15
Ad14,1.0,2.4,28.09,1.0,0.56,0.83,16.9,0.14
Ad15,1.1,3.75,21.74,1.0,1.02,1.64,16.9,0.15
Ad16,1.1,3.5,22.47,1.25,0.86,2.35,16.9,0.15
Ad17,1.25,3.75,17.98,1.56,1.24,1.53,16.9,0.19
Ad18,1.0,4.0,18.42,1.71,1.26,0.73,16.9,0.15
Ad19,1.0,4.0,18.42,1.71,1.26,1.47,16.9,0.17
Ad20,1.14,4.0,18.42,1.71,1.1,1.19,16.9,0.19
Ad21,1.11,4.44,18.95,1.67,1.25,1.71,16.9,0.22
Ad22,1.28,3.61,18.95,1.67,0.89,0.56,15.0,0.2
Oz1,1.0,2.83,33.71,1.0,0.48,0.45,15.0,0.27
Oz2,1.2,2.4,28.09,1.0,0.53,0.86,15.0,0.14
Oz3,1.2,2.4,28.09,1.0,0.53,0.44,15.0,0.14
Oz4,1.25,4.5,22.47,1.5,0.76,0.66,15.0,0.2
Oz5,1.11,3.33,30.34,1.11,0.47,0.47,15.0,0.17
Oz6,1.2,3.2,28.09,1.2,0.48,1.11,15.0,0.3
Oz7,1.2,2.4,28.09,1.0,0.7,0.88,15.0,0.12
